<annotation>
	<folder>frames</folder>
	<filename>bag_9.jpg</filename>
	<path>C:\Users\shanm\PycharmProjects\APSCSC_Hackathon\Train YOLO Model\data\frames\bag_9.jpg</path>
	<source>
		<database>Unknown</database>
	</source>
	<size>
		<width>1080</width>
		<height>500</height>
		<depth>3</depth>
	</size>
	<segmented>0</segmented>
	<object>
		<name>bag</name>
		<pose>Unspecified</pose>
		<truncated>0</truncated>
		<difficult>0</difficult>
		<bndbox>
			<xmin>455</xmin>
			<ymin>34</ymin>
			<xmax>519</xmax>
			<ymax>89</ymax>
		</bndbox>
	</object>
	<object>
		<name>bag</name>
		<pose>Unspecified</pose>
		<truncated>0</truncated>
		<difficult>0</difficult>
		<bndbox>
			<xmin>470</xmin>
			<ymin>135</ymin>
			<xmax>547</xmax>
			<ymax>205</ymax>
		</bndbox>
	</object>
	<object>
		<name>bag</name>
		<pose>Unspecified</pose>
		<truncated>0</truncated>
		<difficult>0</difficult>
		<bndbox>
			<xmin>469</xmin>
			<ymin>198</ymin>
			<xmax>541</xmax>
			<ymax>263</ymax>
		</bndbox>
	</object>
	<object>
		<name>bag</name>
		<pose>Unspecified</pose>
		<truncated>0</truncated>
		<difficult>0</difficult>
		<bndbox>
			<xmin>471</xmin>
			<ymin>258</ymin>
			<xmax>558</xmax>
			<ymax>347</ymax>
		</bndbox>
	</object>
</annotation>
