<annotation>
	<folder>frames</folder>
	<filename>bag_12.jpg</filename>
	<path>C:\Users\shanm\PycharmProjects\APSCSC_Hackathon\Train YOLO Model\data\frames\bag_12.jpg</path>
	<source>
		<database>Unknown</database>
	</source>
	<size>
		<width>1080</width>
		<height>500</height>
		<depth>3</depth>
	</size>
	<segmented>0</segmented>
	<object>
		<name>bag</name>
		<pose>Unspecified</pose>
		<truncated>0</truncated>
		<difficult>0</difficult>
		<bndbox>
			<xmin>468</xmin>
			<ymin>72</ymin>
			<xmax>532</xmax>
			<ymax>127</ymax>
		</bndbox>
	</object>
	<object>
		<name>bag</name>
		<pose>Unspecified</pose>
		<truncated>0</truncated>
		<difficult>0</difficult>
		<bndbox>
			<xmin>473</xmin>
			<ymin>121</ymin>
			<xmax>550</xmax>
			<ymax>191</ymax>
		</bndbox>
	</object>
	<object>
		<name>bag</name>
		<pose>Unspecified</pose>
		<truncated>0</truncated>
		<difficult>0</difficult>
		<bndbox>
			<xmin>476</xmin>
			<ymin>181</ymin>
			<xmax>548</xmax>
			<ymax>246</ymax>
		</bndbox>
	</object>
	<object>
		<name>bag</name>
		<pose>Unspecified</pose>
		<truncated>0</truncated>
		<difficult>0</difficult>
		<bndbox>
			<xmin>473</xmin>
			<ymin>230</ymin>
			<xmax>560</xmax>
			<ymax>319</ymax>
		</bndbox>
	</object>
</annotation>
