<annotation>
	<folder>frames</folder>
	<filename>bag_4.jpg</filename>
	<path>C:\Users\shanm\PycharmProjects\APSCSC_Hackathon\Train YOLO Model\data\frames\bag_4.jpg</path>
	<source>
		<database>Unknown</database>
	</source>
	<size>
		<width>1080</width>
		<height>500</height>
		<depth>3</depth>
	</size>
	<segmented>0</segmented>
	<object>
		<name>bag</name>
		<pose>Unspecified</pose>
		<truncated>0</truncated>
		<difficult>0</difficult>
		<bndbox>
			<xmin>503</xmin>
			<ymin>91</ymin>
			<xmax>567</xmax>
			<ymax>146</ymax>
		</bndbox>
	</object>
	<object>
		<name>bag</name>
		<pose>Unspecified</pose>
		<truncated>0</truncated>
		<difficult>0</difficult>
		<bndbox>
			<xmin>513</xmin>
			<ymin>147</ymin>
			<xmax>584</xmax>
			<ymax>203</ymax>
		</bndbox>
	</object>
	<object>
		<name>bag</name>
		<pose>Unspecified</pose>
		<truncated>0</truncated>
		<difficult>0</difficult>
		<bndbox>
			<xmin>527</xmin>
			<ymin>215</ymin>
			<xmax>593</xmax>
			<ymax>274</ymax>
		</bndbox>
	</object>
	<object>
		<name>bag</name>
		<pose>Unspecified</pose>
		<truncated>0</truncated>
		<difficult>0</difficult>
		<bndbox>
			<xmin>521</xmin>
			<ymin>288</ymin>
			<xmax>596</xmax>
			<ymax>361</ymax>
		</bndbox>
	</object>
	<object>
		<name>bag</name>
		<pose>Unspecified</pose>
		<truncated>0</truncated>
		<difficult>0</difficult>
		<bndbox>
			<xmin>518</xmin>
			<ymin>370</ymin>
			<xmax>606</xmax>
			<ymax>454</ymax>
		</bndbox>
	</object>
</annotation>
