<annotation>
	<folder>frames</folder>
	<filename>bag_10.jpg</filename>
	<path>C:\Users\shanm\PycharmProjects\APSCSC_Hackathon\Train YOLO Model\data\frames\bag_10.jpg</path>
	<source>
		<database>Unknown</database>
	</source>
	<size>
		<width>1080</width>
		<height>500</height>
		<depth>3</depth>
	</size>
	<segmented>0</segmented>
	<object>
		<name>bag</name>
		<pose>Unspecified</pose>
		<truncated>0</truncated>
		<difficult>0</difficult>
		<bndbox>
			<xmin>456</xmin>
			<ymin>58</ymin>
			<xmax>520</xmax>
			<ymax>113</ymax>
		</bndbox>
	</object>
	<object>
		<name>bag</name>
		<pose>Unspecified</pose>
		<truncated>0</truncated>
		<difficult>0</difficult>
		<bndbox>
			<xmin>473</xmin>
			<ymin>146</ymin>
			<xmax>550</xmax>
			<ymax>216</ymax>
		</bndbox>
	</object>
	<object>
		<name>bag</name>
		<pose>Unspecified</pose>
		<truncated>0</truncated>
		<difficult>0</difficult>
		<bndbox>
			<xmin>473</xmin>
			<ymin>210</ymin>
			<xmax>545</xmax>
			<ymax>275</ymax>
		</bndbox>
	</object>
	<object>
		<name>bag</name>
		<pose>Unspecified</pose>
		<truncated>0</truncated>
		<difficult>0</difficult>
		<bndbox>
			<xmin>472</xmin>
			<ymin>273</ymin>
			<xmax>559</xmax>
			<ymax>362</ymax>
		</bndbox>
	</object>
</annotation>
